Date,Place
2026-02-01 08:00,Room 119
2026-02-01 08:15,Pool Deck & Cabanas
2026-02-01 09:15,Room 108
2026-02-01 09:15,Room 101
2026-02-01 09:30,Spa & Wellness Center
2026-02-01 09:30,Room 114
2026-02-01 09:45,Gym & Fitness Area
2026-02-01 09:45,Restaurant Dining Area
2026-02-01 10:00,Room 113
2026-02-01 10:45,Spa & Wellness Center
2026-02-01 12:15,Room 102
2026-02-01 12:15,Room 107
2026-02-01 13:30,Room 118
2026-02-01 13:30,Room 112
2026-02-01 13:30,Room 106
2026-02-01 13:45,Room 115
2026-02-01 14:30,Room 117
2026-02-01 15:15,Room 104
2026-02-01 16:15,Gym & Fitness Area
2026-02-01 17:30,Room 103
2026-02-01 17:30,Room 105
2026-02-01 18:00,Pool Deck & Cabanas
2026-02-01 18:30,Room 111
2026-02-01 18:45,Room 120
2026-02-01 19:30,Room 116
2026-02-01 20:00,Room 109
2026-02-01 20:00,Room 110
2026-02-01 21:15,Conference Hall
2026-02-01 21:30,Pool Deck & Cabanas
2026-02-01 21:45,Pool Deck & Cabanas
2026-02-02 07:00,Room 120
2026-02-02 08:15,Room 119
2026-02-02 08:15,Room 103
2026-02-02 08:45,Room 117
2026-02-02 09:45,Room 116
2026-02-02 10:00,Room 108
2026-02-02 10:00,Room 106
2026-02-02 10:00,Room 109
2026-02-02 10:15,Industrial Kitchen
2026-02-02 10:15,Main Lobby
2026-02-02 10:45,Gym & Fitness Area
2026-02-02 11:45,Room 113
2026-02-02 11:45,Room 102
2026-02-02 12:00,Gym & Fitness Area
2026-02-02 12:45,Room 115
2026-02-02 13:30,Room 107
2026-02-02 13:45,Room 105
2026-02-02 14:45,Room 111
2026-02-02 15:15,Gym & Fitness Area
2026-02-02 16:15,Gym & Fitness Area
2026-02-02 16:15,Restaurant Dining Area
2026-02-02 17:00,Room 112
2026-02-02 18:00,Conference Hall
2026-02-02 18:30,Room 101
2026-02-02 18:45,Room 114
2026-02-02 19:45,Room 110
2026-02-02 20:00,Room 104
2026-02-02 20:30,Main Lobby
2026-02-02 21:00,Room 118
2026-02-03 07:00,Room 112
2026-02-03 07:00,Room 104
2026-02-03 07:45,Room 109
2026-02-03 08:00,Industrial Kitchen
2026-02-03 08:15,Gym & Fitness Area
2026-02-03 10:30,Room 113
2026-02-03 10:30,Main Lobby
2026-02-03 13:00,Room 103
2026-02-03 13:15,Restaurant Dining Area
2026-02-03 13:30,Gym & Fitness Area
2026-02-03 14:30,Room 111
2026-02-03 15:15,Main Lobby
2026-02-03 15:30,Room 102
2026-02-03 16:00,Room 117
2026-02-03 16:00,Pool Deck & Cabanas
2026-02-03 16:00,Gym & Fitness Area
2026-02-03 16:45,Main Lobby
2026-02-03 17:15,Room 105
2026-02-03 17:30,Room 118
2026-02-03 18:30,Room 108
2026-02-03 20:15,Room 116
2026-02-03 21:00,Room 120
2026-02-03 21:15,Room 101
2026-02-03 21:30,Room 107
2026-02-04 07:15,Room 116
2026-02-04 07:30,Room 111
2026-02-04 08:00,Room 105
2026-02-04 10:15,Room 103
2026-02-04 12:00,Main Lobby
2026-02-04 12:45,Room 106
2026-02-04 13:15,Room 101
2026-02-04 15:00,Room 113
2026-02-04 15:00,Main Lobby
2026-02-04 15:45,Room 120
2026-02-04 16:15,Room 109
2026-02-04 16:15,Room 110
2026-02-04 17:00,Room 112
2026-02-04 18:30,Room 118
2026-02-04 19:15,Room 117
2026-02-04 19:45,Main Lobby
2026-02-04 20:15,Conference Hall
2026-02-04 20:30,Room 108
2026-02-04 21:15,Room 115
2026-02-04 21:15,Room 119
2026-02-04 21:30,Pool Deck & Cabanas
2026-02-04 21:45,Restaurant Dining Area
2026-02-05 07:15,Room 108
2026-02-05 08:15,Room 111
2026-02-05 08:30,Room 119
2026-02-05 09:00,Room 104
2026-02-05 10:15,Room 117
2026-02-05 10:45,Pool Deck & Cabanas
2026-02-05 10:45,Spa & Wellness Center
2026-02-05 11:30,Industrial Kitchen
2026-02-05 11:30,Room 112
2026-02-05 12:45,Restaurant Dining Area
2026-02-05 13:00,Gym & Fitness Area
2026-02-05 14:15,Room 107
2026-02-05 14:45,Room 118
2026-02-05 15:15,Room 113
2026-02-05 15:30,Room 120
2026-02-05 15:45,Room 110
2026-02-05 16:30,Room 106
2026-02-05 16:30,Main Lobby
2026-02-05 17:00,Room 109
2026-02-05 17:00,Room 103
2026-02-05 17:15,Room 101
2026-02-05 17:30,Room 114
2026-02-05 17:45,Room 102
2026-02-05 17:45,Room 115
2026-02-05 18:30,Spa & Wellness Center
2026-02-05 18:30,Room 105
2026-02-05 19:15,Gym & Fitness Area
2026-02-05 19:30,Room 116
2026-02-06 08:45,Conference Hall
2026-02-06 09:15,Restaurant Dining Area
2026-02-06 10:45,Room 114
2026-02-06 10:45,Room 113
2026-02-06 11:45,Main Lobby
2026-02-06 12:00,Room 118
2026-02-06 12:30,Restaurant Dining Area
2026-02-06 13:00,Room 107
2026-02-06 13:00,Room 104
2026-02-06 13:30,Room 120
2026-02-06 13:30,Room 112
2026-02-06 14:00,Spa & Wellness Center
2026-02-06 14:00,Room 110
2026-02-06 14:15,Room 108
2026-02-06 15:15,Room 116
2026-02-06 15:45,Room 119
2026-02-06 16:00,Restaurant Dining Area
2026-02-06 16:00,Room 117
2026-02-06 17:45,Gym & Fitness Area
2026-02-06 18:15,Room 115
2026-02-06 18:15,Room 103
2026-02-06 18:15,Room 106
2026-02-06 19:45,Room 101
2026-02-06 20:45,Restaurant Dining Area
2026-02-06 20:45,Main Lobby
2026-02-06 20:45,Room 111
2026-02-06 21:15,Room 102
2026-02-06 21:45,Restaurant Dining Area
2026-02-07 07:45,Room 108
2026-02-07 08:00,Room 115
2026-02-07 08:15,Room 110
2026-02-07 08:30,Room 104
2026-02-07 08:30,Room 106
2026-02-07 08:45,Room 113
2026-02-07 12:15,Room 114
2026-02-07 12:45,Gym & Fitness Area
2026-02-07 12:45,Restaurant Dining Area
2026-02-07 13:15,Pool Deck & Cabanas
2026-02-07 13:15,Main Lobby
2026-02-07 14:45,Room 107
2026-02-07 16:45,Room 103
2026-02-07 16:45,Main Lobby
2026-02-07 17:30,Room 112
2026-02-07 18:15,Gym & Fitness Area
2026-02-07 18:30,Room 102
2026-02-07 19:00,Room 119
2026-02-07 20:00,Room 120
2026-02-07 20:00,Room 105
2026-02-07 20:30,Room 117
2026-02-07 20:45,Conference Hall
2026-02-07 21:30,Conference Hall
2026-02-08 07:30,Room 112
2026-02-08 08:00,Conference Hall
2026-02-08 08:00,Industrial Kitchen
2026-02-08 08:00,Main Lobby
2026-02-08 08:15,Room 115
2026-02-08 08:15,Room 106
2026-02-08 08:45,Room 114
2026-02-08 09:00,Room 116
2026-02-08 09:15,Gym & Fitness Area
2026-02-08 10:15,Gym & Fitness Area
2026-02-08 11:00,Industrial Kitchen
2026-02-08 11:00,Restaurant Dining Area
2026-02-08 11:15,Room 108
2026-02-08 11:30,Room 104
2026-02-08 11:45,Room 117
2026-02-08 12:15,Gym & Fitness Area
2026-02-08 13:45,Restaurant Dining Area
2026-02-08 14:30,Room 109
2026-02-08 14:45,Main Lobby
2026-02-08 16:15,Room 120
2026-02-08 16:30,Room 119
2026-02-08 17:45,Room 103
2026-02-08 18:15,Room 101
2026-02-08 18:15,Room 111
2026-02-08 18:15,Room 107
2026-02-08 18:45,Room 113
2026-02-08 19:30,Room 105
2026-02-09 07:00,Industrial Kitchen
2026-02-09 08:45,Room 115
2026-02-09 09:45,Room 119
2026-02-09 10:00,Spa & Wellness Center
2026-02-09 11:45,Room 103
2026-02-09 12:00,Main Lobby
2026-02-09 12:30,Industrial Kitchen
2026-02-09 12:30,Room 107
2026-02-09 12:45,Room 118
2026-02-09 12:45,Main Lobby
2026-02-09 14:00,Industrial Kitchen
2026-02-09 14:00,Restaurant Dining Area
2026-02-09 14:45,Room 120
2026-02-09 16:00,Room 104
2026-02-09 16:00,Room 111
2026-02-09 16:30,Room 109
2026-02-09 17:00,Room 114
2026-02-09 17:45,Room 101
2026-02-09 17:45,Room 113
2026-02-09 18:30,Room 105
2026-02-09 18:45,Room 110
2026-02-09 19:15,Room 102
2026-02-09 19:30,Pool Deck & Cabanas
2026-02-09 19:45,Restaurant Dining Area
2026-02-09 20:00,Room 117
2026-02-09 20:00,Industrial Kitchen
2026-02-09 20:15,Room 116
2026-02-09 21:30,Room 112
2026-02-09 21:45,Room 106
2026-02-10 07:15,Conference Hall
2026-02-10 07:30,Room 117
2026-02-10 08:45,Room 101
2026-02-10 08:45,Industrial Kitchen
2026-02-10 09:30,Industrial Kitchen
2026-02-10 10:45,Room 107
2026-02-10 12:30,Room 102
2026-02-10 12:45,Room 116
2026-02-10 12:45,Room 118
2026-02-10 13:15,Room 114
2026-02-10 13:15,Room 112
2026-02-10 14:00,Room 108
2026-02-10 14:30,Room 109
2026-02-10 14:45,Room 103
2026-02-10 15:45,Room 110
2026-02-10 16:45,Gym & Fitness Area
2026-02-10 17:00,Room 104
2026-02-10 18:15,Pool Deck & Cabanas
2026-02-10 18:45,Main Lobby
2026-02-10 18:45,Gym & Fitness Area
2026-02-10 19:30,Main Lobby
2026-02-10 20:00,Room 115
2026-02-10 20:15,Room 105
2026-02-10 20:15,Room 111
2026-02-10 20:30,Spa & Wellness Center
2026-02-10 20:45,Room 113
2026-02-10 20:45,Spa & Wellness Center
2026-02-10 20:45,Room 106
2026-02-11 07:30,Room 104
2026-02-11 07:45,Room 108
2026-02-11 08:15,Room 105
2026-02-11 08:30,Room 107
2026-02-11 09:15,Spa & Wellness Center
2026-02-11 09:30,Room 119
2026-02-11 10:15,Room 117
2026-02-11 10:45,Room 120
2026-02-11 11:00,Spa & Wellness Center
2026-02-11 11:45,Room 118
2026-02-11 12:45,Pool Deck & Cabanas
2026-02-11 13:30,Room 111
2026-02-11 14:30,Room 116
2026-02-11 16:00,Restaurant Dining Area
2026-02-11 16:30,Room 110
2026-02-11 16:30,Pool Deck & Cabanas
2026-02-11 16:30,Room 115
2026-02-11 17:00,Room 109
2026-02-11 17:15,Room 114
2026-02-11 18:15,Room 101
2026-02-11 18:30,Room 106
2026-02-11 18:30,Room 103
2026-02-11 19:15,Room 102
2026-02-11 20:30,Industrial Kitchen
2026-02-11 20:45,Room 112
2026-02-11 21:00,Industrial Kitchen
2026-02-11 21:45,Pool Deck & Cabanas
2026-02-12 07:30,Room 112
2026-02-12 07:45,Spa & Wellness Center
2026-02-12 08:15,Room 111
2026-02-12 08:15,Room 117
2026-02-12 08:30,Room 109
2026-02-12 08:45,Room 101
2026-02-12 10:15,Spa & Wellness Center
2026-02-12 10:15,Room 118
2026-02-12 10:45,Room 116
2026-02-12 11:00,Room 107
2026-02-12 11:15,Room 108
2026-02-12 12:45,Room 113
2026-02-12 13:45,Room 103
2026-02-12 14:15,Pool Deck & Cabanas
2026-02-12 15:30,Room 110
2026-02-12 16:15,Main Lobby
2026-02-12 16:15,Gym & Fitness Area
2026-02-12 16:45,Room 106
2026-02-12 17:00,Room 102
2026-02-12 17:00,Room 104
2026-02-12 18:30,Room 105
2026-02-12 19:15,Room 119
2026-02-12 20:30,Room 120
2026-02-12 20:45,Room 115
2026-02-12 21:45,Pool Deck & Cabanas
2026-02-13 08:00,Room 110
2026-02-13 08:00,Room 102
2026-02-13 08:15,Room 101
2026-02-13 08:30,Room 116
2026-02-13 08:45,Room 105
2026-02-13 11:30,Pool Deck & Cabanas
2026-02-13 12:15,Room 118
2026-02-13 12:30,Room 111
2026-02-13 12:45,Room 114
2026-02-13 13:30,Room 115
2026-02-13 13:30,Spa & Wellness Center
2026-02-13 13:45,Room 103
2026-02-13 13:45,Room 117
2026-02-13 14:45,Room 119
2026-02-13 15:00,Room 120
2026-02-13 16:30,Room 109
2026-02-13 17:00,Main Lobby
2026-02-13 17:45,Main Lobby
2026-02-13 18:00,Spa & Wellness Center
2026-02-13 19:15,Main Lobby
2026-02-13 20:00,Main Lobby
2026-02-13 20:15,Restaurant Dining Area
2026-02-13 20:45,Room 113
2026-02-13 21:15,Room 112
2026-02-14 07:15,Room 118
2026-02-14 07:15,Pool Deck & Cabanas
2026-02-14 08:00,Room 102
2026-02-14 08:30,Pool Deck & Cabanas
2026-02-14 08:45,Room 112
2026-02-14 09:00,Main Lobby
2026-02-14 09:15,Industrial Kitchen
2026-02-14 10:00,Pool Deck & Cabanas
2026-02-14 11:00,Room 114
2026-02-14 11:15,Pool Deck & Cabanas
2026-02-14 11:30,Conference Hall
2026-02-14 11:45,Gym & Fitness Area
2026-02-14 12:45,Room 113
2026-02-14 13:00,Room 110
2026-02-14 13:00,Room 115
2026-02-14 13:00,Room 103
2026-02-14 13:15,Room 117
2026-02-14 13:30,Main Lobby
2026-02-14 14:00,Room 104
2026-02-14 14:45,Room 107
2026-02-14 14:45,Room 111
2026-02-14 15:30,Main Lobby
2026-02-14 15:30,Room 101
2026-02-14 16:45,Room 109
2026-02-14 16:45,Gym & Fitness Area
2026-02-14 17:00,Main Lobby
2026-02-14 17:45,Room 116
2026-02-14 17:45,Room 105
2026-02-14 18:45,Room 106
2026-02-14 19:15,Gym & Fitness Area
2026-02-14 19:30,Industrial Kitchen
2026-02-14 20:00,Room 108
2026-02-14 20:30,Industrial Kitchen
2026-02-15 07:15,Room 113
2026-02-15 07:30,Room 110
2026-02-15 07:45,Main Lobby
2026-02-15 08:00,Pool Deck & Cabanas
2026-02-15 08:30,Pool Deck & Cabanas
2026-02-15 08:30,Industrial Kitchen
2026-02-15 08:45,Room 116
2026-02-15 11:30,Room 102
2026-02-15 11:45,Gym & Fitness Area
2026-02-15 12:00,Room 114
2026-02-15 12:30,Room 117
2026-02-15 12:45,Room 108
2026-02-15 13:45,Conference Hall
2026-02-15 14:00,Pool Deck & Cabanas
2026-02-15 14:00,Room 119
2026-02-15 14:15,Pool Deck & Cabanas
2026-02-15 14:15,Gym & Fitness Area
2026-02-15 15:15,Main Lobby
2026-02-15 15:15,Room 115
2026-02-15 16:15,Room 103
2026-02-15 16:45,Room 109
2026-02-15 17:00,Restaurant Dining Area
2026-02-15 18:00,Spa & Wellness Center
2026-02-15 18:15,Room 107
2026-02-15 18:45,Room 118
2026-02-15 19:30,Room 112
2026-02-15 19:30,Pool Deck & Cabanas
2026-02-15 20:30,Room 106
2026-02-15 21:30,Room 104
2026-02-15 21:30,Room 120
2026-02-16 07:45,Room 115
2026-02-16 08:15,Room 120
2026-02-16 08:30,Pool Deck & Cabanas
2026-02-16 09:15,Room 113
2026-02-16 10:00,Pool Deck & Cabanas
2026-02-16 10:15,Main Lobby
2026-02-16 10:45,Main Lobby
2026-02-16 11:00,Pool Deck & Cabanas
2026-02-16 11:45,Restaurant Dining Area
2026-02-16 11:45,Room 112
2026-02-16 12:00,Gym & Fitness Area
2026-02-16 12:45,Main Lobby
2026-02-16 13:00,Room 105
2026-02-16 13:30,Room 114
2026-02-16 14:30,Room 101
2026-02-16 15:00,Room 102
2026-02-16 15:45,Room 116
2026-02-16 18:00,Room 119
2026-02-16 19:15,Room 106
2026-02-16 19:15,Room 111
2026-02-16 19:45,Main Lobby
2026-02-16 19:45,Room 118
2026-02-16 20:30,Pool Deck & Cabanas
2026-02-16 20:30,Room 103
2026-02-16 20:45,Main Lobby
2026-02-16 20:45,Conference Hall
2026-02-16 21:00,Pool Deck & Cabanas
2026-02-16 21:15,Room 107
2026-02-16 21:15,Room 110
2026-02-16 21:30,Room 109
2026-02-17 07:30,Room 113
2026-02-17 08:45,Room 120
2026-02-17 09:00,Room 114
2026-02-17 10:00,Room 119
2026-02-17 11:00,Pool Deck & Cabanas
2026-02-17 11:00,Room 103
2026-02-17 11:30,Room 108
2026-02-17 12:00,Room 107
2026-02-17 12:15,Room 101
2026-02-17 12:30,Room 102
2026-02-17 12:30,Room 116
2026-02-17 13:45,Room 106
2026-02-17 15:45,Gym & Fitness Area
2026-02-17 17:15,Room 112
2026-02-17 18:00,Main Lobby
2026-02-17 18:00,Main Lobby
2026-02-17 18:45,Room 115
2026-02-17 19:15,Room 105
2026-02-17 19:15,Room 118
2026-02-17 19:15,Room 110
2026-02-17 19:30,Industrial Kitchen
2026-02-17 19:30,Room 111
2026-02-17 20:00,Room 104
2026-02-17 20:15,Industrial Kitchen
2026-02-17 20:30,Room 117
2026-02-17 20:45,Restaurant Dining Area
2026-02-17 20:45,Room 109
2026-02-17 21:00,Pool Deck & Cabanas
2026-02-18 07:15,Room 114
2026-02-18 08:30,Spa & Wellness Center
2026-02-18 09:00,Room 103
2026-02-18 10:00,Room 112
2026-02-18 10:00,Room 118
2026-02-18 10:30,Spa & Wellness Center
2026-02-18 11:30,Room 105
2026-02-18 12:30,Room 108
2026-02-18 13:30,Room 101
2026-02-18 14:00,Room 116
2026-02-18 14:15,Conference Hall
2026-02-18 14:45,Room 117
2026-02-18 15:30,Industrial Kitchen
2026-02-18 15:30,Room 119
2026-02-18 16:15,Industrial Kitchen
2026-02-18 16:15,Room 106
2026-02-18 17:30,Room 111
2026-02-18 17:30,Industrial Kitchen
2026-02-18 17:45,Main Lobby
2026-02-18 18:00,Room 113
2026-02-18 18:15,Room 120
2026-02-18 18:45,Spa & Wellness Center
2026-02-18 18:45,Room 115
2026-02-18 19:30,Room 107
2026-02-18 20:15,Room 104
2026-02-18 21:00,Room 102
2026-02-18 21:30,Room 109
2026-02-18 21:45,Room 110
2026-02-19 08:00,Room 109
2026-02-19 08:00,Industrial Kitchen
2026-02-19 09:30,Room 108
2026-02-19 09:30,Room 117
2026-02-19 09:45,Room 118
2026-02-19 11:45,Room 104
2026-02-19 12:15,Restaurant Dining Area
2026-02-19 12:15,Room 111
2026-02-19 12:30,Gym & Fitness Area
2026-02-19 13:15,Room 120
2026-02-19 13:45,Main Lobby
2026-02-19 14:15,Room 106
2026-02-19 14:15,Room 113
2026-02-19 14:30,Conference Hall
2026-02-19 15:00,Room 115
2026-02-19 15:15,Room 116
2026-02-19 16:00,Restaurant Dining Area
2026-02-19 16:00,Gym & Fitness Area
2026-02-19 16:15,Room 101
2026-02-19 17:15,Gym & Fitness Area
2026-02-19 17:30,Room 107
2026-02-19 17:30,Room 102
2026-02-19 18:30,Room 119
2026-02-19 19:30,Room 112
2026-02-19 19:45,Conference Hall
2026-02-19 19:45,Room 105
2026-02-19 20:00,Room 114
2026-02-19 20:00,Room 110
2026-02-20 07:00,Restaurant Dining Area
2026-02-20 08:45,Room 106
2026-02-20 09:00,Room 111
2026-02-20 09:15,Room 114
2026-02-20 09:30,Room 104
2026-02-20 09:45,Room 110
2026-02-20 10:45,Room 115
2026-02-20 12:30,Room 103
2026-02-20 12:30,Room 113
2026-02-20 12:30,Room 116
2026-02-20 13:30,Room 112
2026-02-20 14:00,Room 101
2026-02-20 15:00,Conference Hall
2026-02-20 15:30,Room 102
2026-02-20 15:45,Room 120
2026-02-20 15:45,Main Lobby
2026-02-20 15:45,Restaurant Dining Area
2026-02-20 16:30,Restaurant Dining Area
2026-02-20 16:30,Room 109
2026-02-20 18:30,Restaurant Dining Area
2026-02-20 19:15,Room 105
2026-02-20 19:30,Spa & Wellness Center
2026-02-20 19:30,Room 117
2026-02-20 19:45,Room 107
2026-02-20 20:00,Room 108
2026-02-21 07:00,Room 111
2026-02-21 07:15,Room 114
2026-02-21 08:15,Main Lobby
2026-02-21 09:00,Room 108
2026-02-21 10:00,Room 106
2026-02-21 10:15,Room 115
2026-02-21 11:00,Room 103
2026-02-21 11:00,Room 102
2026-02-21 11:00,Room 110
2026-02-21 12:30,Room 112
2026-02-21 12:45,Room 107
2026-02-21 12:45,Spa & Wellness Center
2026-02-21 13:30,Room 119
2026-02-21 13:45,Conference Hall
2026-02-21 14:15,Spa & Wellness Center
2026-02-21 16:15,Pool Deck & Cabanas
2026-02-21 16:45,Gym & Fitness Area
2026-02-21 17:15,Room 109
2026-02-21 17:15,Room 120
2026-02-21 17:30,Room 118
2026-02-21 18:15,Conference Hall
2026-02-21 18:45,Room 116
2026-02-21 18:45,Conference Hall
2026-02-21 18:45,Room 104
2026-02-21 19:15,Industrial Kitchen
2026-02-21 19:30,Room 117
2026-02-21 20:30,Room 105
2026-02-21 20:30,Room 113
2026-02-21 21:30,Main Lobby
2026-02-21 21:45,Room 101
2026-02-22 07:00,Room 120
2026-02-22 07:30,Main Lobby
2026-02-22 08:45,Restaurant Dining Area
2026-02-22 09:15,Room 113
2026-02-22 09:45,Conference Hall
2026-02-22 10:15,Room 112
2026-02-22 11:30,Room 111
2026-02-22 12:15,Room 103
2026-02-22 12:30,Room 119
2026-02-22 13:15,Room 110
2026-02-22 13:45,Room 118
2026-02-22 14:15,Room 101
2026-02-22 14:30,Room 117
2026-02-22 14:30,Room 104
2026-02-22 14:30,Main Lobby
2026-02-22 14:30,Conference Hall
2026-02-22 16:00,Pool Deck & Cabanas
2026-02-22 17:00,Restaurant Dining Area
2026-02-22 17:30,Conference Hall
2026-02-22 17:30,Room 107
2026-02-22 18:00,Room 109
2026-02-22 18:15,Room 102
2026-02-22 19:15,Room 108
2026-02-22 19:15,Room 106
2026-02-22 21:15,Room 114
2026-02-23 07:45,Room 101
2026-02-23 08:00,Room 109
2026-02-23 08:15,Room 114
2026-02-23 10:00,Room 116
2026-02-23 10:15,Room 120
2026-02-23 10:45,Room 103
2026-02-23 11:15,Room 110
2026-02-23 11:45,Room 105
2026-02-23 12:15,Room 117
2026-02-23 12:45,Room 113
2026-02-23 13:00,Spa & Wellness Center
2026-02-23 14:00,Room 108
2026-02-23 14:45,Room 112
2026-02-23 15:15,Room 118
2026-02-23 15:45,Main Lobby
2026-02-23 15:45,Room 102
2026-02-23 16:00,Restaurant Dining Area
2026-02-23 16:00,Room 119
2026-02-23 17:15,Room 111
2026-02-23 17:30,Room 115
2026-02-23 17:45,Room 104
2026-02-23 18:15,Conference Hall
2026-02-23 19:00,Room 107
2026-02-23 20:00,Room 106
2026-02-23 20:15,Restaurant Dining Area
2026-02-23 21:00,Main Lobby
2026-02-24 07:30,Room 109
2026-02-24 08:15,Industrial Kitchen
2026-02-24 10:15,Room 113
2026-02-24 10:15,Restaurant Dining Area
2026-02-24 11:00,Room 104
2026-02-24 11:15,Pool Deck & Cabanas
2026-02-24 11:30,Gym & Fitness Area
2026-02-24 12:00,Room 108
2026-02-24 12:45,Industrial Kitchen
2026-02-24 13:00,Room 116
2026-02-24 13:15,Main Lobby
2026-02-24 13:15,Restaurant Dining Area
2026-02-24 13:45,Room 114
2026-02-24 14:00,Room 111
2026-02-24 14:15,Room 107
2026-02-24 15:30,Room 112
2026-02-24 15:30,Room 120
2026-02-24 18:00,Room 118
2026-02-24 18:15,Room 102
2026-02-24 18:45,Pool Deck & Cabanas
2026-02-24 19:30,Room 106
2026-02-24 20:00,Room 119
2026-02-24 20:30,Room 105
2026-02-24 20:30,Room 115
2026-02-24 21:15,Room 110
2026-02-24 21:45,Room 103
2026-02-25 07:00,Room 113
2026-02-25 07:00,Spa & Wellness Center
2026-02-25 07:00,Gym & Fitness Area
2026-02-25 07:45,Gym & Fitness Area
2026-02-25 08:00,Room 112
2026-02-25 08:30,Conference Hall
2026-02-25 08:45,Room 119
2026-02-25 08:45,Restaurant Dining Area
2026-02-25 10:15,Room 109
2026-02-25 11:00,Room 111
2026-02-25 11:45,Room 115
2026-02-25 13:45,Restaurant Dining Area
2026-02-25 13:45,Room 107
2026-02-25 15:15,Room 114
2026-02-25 15:30,Room 120
2026-02-25 15:30,Room 104
2026-02-25 15:45,Room 103
2026-02-25 15:45,Room 106
2026-02-25 16:15,Room 117
2026-02-25 16:30,Room 101
2026-02-25 16:45,Room 110
2026-02-25 17:00,Restaurant Dining Area
2026-02-25 17:30,Room 105
2026-02-25 17:45,Room 102
2026-02-25 18:15,Room 108
2026-02-25 18:15,Gym & Fitness Area
2026-02-25 19:15,Gym & Fitness Area
2026-02-25 20:30,Room 116
2026-02-25 20:45,Room 118
2026-02-26 07:30,Room 102
2026-02-26 08:00,Room 112
2026-02-26 08:00,Room 110
2026-02-26 08:15,Room 120
2026-02-26 08:15,Room 105
2026-02-26 08:30,Room 111
2026-02-26 08:30,Room 113
2026-02-26 08:30,Room 114
2026-02-26 09:45,Room 117
2026-02-26 12:30,Room 101
2026-02-26 12:45,Room 103
2026-02-26 13:15,Conference Hall
2026-02-26 13:45,Room 118
2026-02-26 14:15,Industrial Kitchen
2026-02-26 14:30,Room 107
2026-02-26 15:00,Room 115
2026-02-26 15:45,Spa & Wellness Center
2026-02-26 17:30,Room 119
2026-02-26 17:45,Room 109
2026-02-26 18:00,Room 108
2026-02-26 18:15,Room 104
2026-02-26 18:45,Main Lobby
2026-02-26 19:15,Gym & Fitness Area
2026-02-26 19:30,Industrial Kitchen
2026-02-26 19:45,Room 106
2026-02-27 08:45,Room 116
2026-02-27 09:30,Room 103
2026-02-27 09:45,Room 114
2026-02-27 10:30,Room 120
2026-02-27 11:45,Room 102
2026-02-27 12:00,Pool Deck & Cabanas
2026-02-27 12:30,Restaurant Dining Area
2026-02-27 12:45,Restaurant Dining Area
2026-02-27 14:30,Spa & Wellness Center
2026-02-27 15:00,Room 112
2026-02-27 15:45,Restaurant Dining Area
2026-02-27 16:15,Room 105
2026-02-27 16:15,Room 111
2026-02-27 16:45,Main Lobby
2026-02-27 16:45,Room 115
2026-02-27 17:00,Room 119
2026-02-27 17:15,Room 109
2026-02-27 17:45,Room 104
2026-02-27 18:15,Room 107
2026-02-27 18:45,Room 110
2026-02-27 18:45,Room 118
2026-02-27 18:45,Pool Deck & Cabanas
2026-02-27 19:30,Main Lobby
2026-02-27 19:45,Room 101
2026-02-27 20:00,Room 108
2026-02-27 20:45,Room 106
2026-02-27 21:15,Room 113
2026-02-28 08:30,Room 117
2026-02-28 09:45,Spa & Wellness Center
2026-02-28 10:30,Room 103
2026-02-28 10:45,Room 111
2026-02-28 12:30,Room 115
2026-02-28 12:30,Room 108
2026-02-28 12:45,Room 102
2026-02-28 13:00,Room 120
2026-02-28 13:00,Room 119
2026-02-28 14:15,Industrial Kitchen
2026-02-28 14:45,Room 114
2026-02-28 15:15,Gym & Fitness Area
2026-02-28 15:15,Room 101
2026-02-28 15:30,Room 113
2026-02-28 16:00,Restaurant Dining Area
2026-02-28 16:00,Main Lobby
2026-02-28 16:45,Room 112
2026-02-28 16:45,Room 106
2026-02-28 17:15,Spa & Wellness Center
2026-02-28 17:15,Spa & Wellness Center
2026-02-28 17:45,Room 107
2026-02-28 18:15,Room 116
2026-02-28 18:15,Room 110
2026-02-28 19:00,Room 105
2026-02-28 19:15,Room 109
2026-02-28 19:45,Room 118
2026-02-28 20:45,Room 104
2026-02-28 21:15,Main Lobby
2026-03-01 09:15,Room 114
2026-03-01 09:45,Room 110
2026-03-01 09:45,Room 102
2026-03-01 10:30,Industrial Kitchen
2026-03-01 11:00,Room 103
2026-03-01 11:30,Room 106
2026-03-01 11:30,Conference Hall
2026-03-01 12:00,Room 117
2026-03-01 12:30,Room 112
2026-03-01 13:00,Main Lobby
2026-03-01 14:00,Industrial Kitchen
2026-03-01 14:30,Industrial Kitchen
2026-03-01 15:00,Room 115
2026-03-01 15:00,Restaurant Dining Area
2026-03-01 15:15,Room 105
2026-03-01 15:30,Room 104
2026-03-01 16:00,Room 118
2026-03-01 16:15,Room 111
2026-03-01 16:30,Room 107
2026-03-01 16:45,Room 113
2026-03-01 18:15,Restaurant Dining Area
2026-03-01 19:00,Room 119
2026-03-01 19:15,Restaurant Dining Area
2026-03-01 19:15,Spa & Wellness Center
2026-03-01 19:45,Room 120
2026-03-01 20:00,Room 116
2026-03-01 20:15,Room 108
2026-03-01 20:45,Room 101
2026-03-02 07:00,Conference Hall
2026-03-02 07:00,Spa & Wellness Center
2026-03-02 07:00,Room 109
2026-03-02 07:15,Pool Deck & Cabanas
2026-03-02 07:45,Room 108
2026-03-02 07:45,Restaurant Dining Area
2026-03-02 08:30,Room 112
2026-03-02 09:15,Room 113
2026-03-02 09:30,Conference Hall
2026-03-02 10:15,Room 111
2026-03-02 11:00,Room 118
2026-03-02 12:15,Room 104
2026-03-02 13:00,Room 106
2026-03-02 14:00,Room 103
2026-03-02 14:45,Room 105
2026-03-02 15:45,Room 119
2026-03-02 17:30,Room 114
2026-03-02 17:45,Conference Hall
2026-03-02 18:00,Room 116
2026-03-02 18:15,Restaurant Dining Area
2026-03-02 18:30,Main Lobby
2026-03-02 20:00,Room 117
2026-03-02 21:15,Industrial Kitchen
2026-03-02 21:30,Room 107
